"ID","Description","GeneRatio","BgRatio","RichFactor","FoldEnrichment","zScore","pvalue","p.adjust","qvalue","geneID","Count"
"GO:0002181","cytoplasmic translation","48/532","169/18805",0.284023668639053,10.0395960314989,20.1415103817728,1.08314803647853e-34,5.0149754088956e-31,4.28356544531563e-31,"6135/6201/6228/6165/6137/6171/6230/80315/6202/10399/6138/6128/6206/6233/4736/6194/6147/55854/6222/6167/6161/25873/9045/6169/22849/6232/23521/6125/6157/6143/6217/6208/6209/6160/6207/3192/6210/6187/6205/6168/6203/9349/6136/6229/6122/6155/6223/6164",48
"GO:0006457","protein folding","35/532","227/18805",0.154185022026432,5.45009274287039,11.5095547106448,2.4518146989073e-16,5.67595102797041e-13,4.84814095989197e-13,"3303/3337/10808/3329/3315/7184/3326/3320/567/26973/54431/3308/3312/60681/6767/3309/10728/10130/10049/5903/10575/22926/9360/3313/7203/6950/3998/22948/10961/9601/10576/56605/5204/23398/5479",35
"GO:0061077","chaperone-mediated protein folding","20/532","76/18805",0.263157894736842,9.30203798971112,12.3740033131555,1.8972670090992e-14,2.92811541737643e-11,2.50106391339849e-11,"3303/3337/10808/3315/3326/26973/3312/6767/3309/10728/10049/10575/3313/7203/6950/22948/9601/10576/5204/5479",20
"GO:0006458","'de novo' protein folding","14/532","49/18805",0.285714285714286,10.0993555316864,10.8821466054513,4.82913741262157e-11,5.58972655510947e-08,4.77449191032085e-08,"3303/3337/10808/3329/3312/6767/3309/10728/10575/3313/7203/6950/22948/10576",14
"GO:0051084","'de novo' post-translational protein folding","13/532","44/18805",0.295454545454545,10.4436517429938,10.7007525146256,1.49597007959321e-10,1.38526829370331e-07,1.18323359769088e-07,"3303/3337/10808/3312/6767/3309/10728/10575/3313/7203/6950/22948/10576",13
"GO:0042274","ribosomal small subunit biogenesis","18/532","108/18805",0.166666666666667,5.89129072681704,8.69812012252646,1.33493838881027e-09,1.03012745669859e-06,8.79888338028101e-07,"6201/6228/6230/6202/6206/6233/6194/6232/6217/6208/6209/6207/6210/6205/6203/6229/6223/84128",18
"GO:0032212","positive regulation of telomere maintenance via telomerase","9/532","26/18805",0.346153846153846,12.2357576633892,9.78202609271112,2.20750770797624e-08,1.46010866970429e-05,1.247158865995e-05,"3320/10728/10575/472/7203/6950/3178/22948/10576",9
"GO:1904358","positive regulation of telomere maintenance via telomere lengthening","9/532","29/18805",0.310344827586207,10.9699896292455,9.16786432398399,6.55927198280694e-08,3.79617866004952e-05,3.24252432097443e-05,"3320/10728/10575/472/7203/6950/3178/22948/10576",9
"GO:0022613","ribonucleoprotein complex biogenesis","37/532","494/18805",0.0748987854251012,2.64750312014855,6.33154501944532,7.94968682055229e-08,4.08967221990635e-05,3.49321326138187e-05,"6135/23451/6201/6228/3326/6165/3320/6230/6202/6206/6233/6194/9045/6169/6232/23521/6125/10728/6217/6208/6209/57035/6207/6210/472/6205/6203/23517/6229/10412/8575/6155/6223/84128/7514/103/23020",37
"GO:0006986","response to unfolded protein","18/532","146/18805",0.123287671232877,4.35794108559069,6.94994436600977,1.68836881959181e-07,7.81714763471008e-05,6.67705437390151e-05,"3303/3337/10808/3329/871/3315/3326/3320/10399/54431/3308/3312/3309/595/153222/22926/80267/4780",18
"GO:0042254","ribosome biogenesis","27/532","317/18805",0.0851735015772871,3.01069116007685,6.16035931161074,3.9237931623236e-07,0.000165156021286893,0.000141068812544017,"6135/6201/6228/6165/6230/6202/6206/6233/6194/9045/6169/6232/6125/6217/6208/6209/6207/6210/6205/6203/23517/6229/10412/6155/6223/84128/7514",27
"GO:0042026","protein refolding","8/532","27/18805",0.296296296296296,10.4734057365636,8.40503184274557,5.37816022605847e-07,0.000207507348722089,0.000177243403239488,"3303/3329/3315/3320/567/3312/3309/3313",8
"GO:0032210","regulation of telomere maintenance via telomerase","10/532","48/18805",0.208333333333333,7.3641134085213,7.53273778616917,7.50696113165974e-07,0.000267363307996804,0.000228369659689438,"3320/10728/10575/3192/472/7203/6950/3178/22948/10576",10
"GO:0035966","response to topologically incorrect protein","18/532","164/18805",0.109756097560976,3.87963047863561,6.31975282455159,9.6871081543054e-07,0.000320366505388814,0.000273642596509213,"3303/3337/10808/3329/871/3315/3326/3320/10399/54431/3308/3312/3309/595/153222/22926/80267/4780",18
"GO:0007004","telomere maintenance via telomerase","11/532","62/18805",0.17741935483871,6.27137399951492,7.09375414412705,1.15389271418573e-06,0.000356168217778661,0.000304222801908476,"3326/3320/10728/10575/3192/472/7203/6950/3178/22948/10576",11
"GO:2000573","positive regulation of DNA biosynthetic process","10/532","53/18805",0.188679245283019,6.66938572847212,7.05222490444166,1.9712314390387e-06,0.00055659337732035,0.00047541691908436,"3320/10728/7422/10575/472/7203/6950/3178/22948/10576",10
"GO:0030162","regulation of proteolysis","31/532","430/18805",0.072093023255814,2.54832575625109,5.54190277608678,2.04364738972915e-06,0.00055659337732035,0.00047541691908436,"3303/348/5054/6135/871/351/6201/10098/3326/10399/22836/2023/2597/344558/7078/6125/1452/28951/1472/10213/2147/3827/9349/27185/710/10010/8473/51322/4780/64065/7514",31
"GO:0051085","chaperone cofactor-dependent protein refolding","8/532","32/18805",0.25,8.83693609022556,7.57060286049157,2.2493395860488e-06,0.000578580126855885,0.000494197007297388,"3303/3337/10808/3312/6767/3309/10728/3313",8
"GO:0007599","hemostasis","22/532","248/18805",0.0887096774193548,3.13568699975746,5.77677657461799,2.40245205663843e-06,0.00058543963274926,0.000500056087356819,"7035/348/5054/5336/3315/2778/71/2153/3570/5265/5624/3673/5340/2147/80856/3572/3827/710/90139/3998/2159/4780",22
"GO:0051131","chaperone-mediated protein complex assembly","7/532","24/18805",0.291666666666667,10.3097587719298,7.78683016848165,3.17552439757004e-06,0.000735133898037464,0.000627918166403718,"3303/3329/3326/3320/3308/10728/10576",7
"GO:0006278","RNA-templated DNA biosynthetic process","11/532","69/18805",0.159420289855072,5.63514765173804,6.58151218776584,3.46298322622232e-06,0.000763505349400445,0.000652151778492093,"3326/3320/10728/10575/3192/472/7203/6950/3178/22948/10576",11
"GO:1904356","regulation of telomere maintenance via telomere lengthening","10/532","57/18805",0.175438596491228,6.20135865980741,6.71046734492429,3.94443593504845e-06,0.000768679869473317,0.000656571619782028,"3320/10728/10575/3192/472/7203/6950/3178/22948/10576",10
"GO:1904869","regulation of protein localization to Cajal body","5/532","10/18805",0.5,17.6738721804511,8.99893910933341,3.98451768193512e-06,0.000768679869473317,0.000656571619782028,"10575/7203/6950/22948/10576",5
"GO:1904871","positive regulation of protein localization to Cajal body","5/532","10/18805",0.5,17.6738721804511,8.99893910933341,3.98451768193512e-06,0.000768679869473317,0.000656571619782028,"10575/7203/6950/22948/10576",5
"GO:0031396","regulation of protein ubiquitination","19/532","201/18805",0.0945273631840796,3.34132906894101,5.69420804720518,4.63280193187156e-06,0.000857994917782613,0.000732860499285956,"3303/6135/6201/3326/3320/8555/10625/6125/3309/57162/868/6187/9349/8473/6659/23028/8878/65125/27018",19
"GO:0007596","blood coagulation","21/532","241/18805",0.0871369294605809,3.08009390696659,5.54538487532217,5.37578905256498e-06,0.00095730397359138,0.000817685808521726,"7035/348/5054/5336/3315/2778/71/2153/3570/5265/5624/3673/5340/2147/80856/3572/3827/710/3998/2159/4780",21
"GO:0050878","regulation of body fluid levels","28/532","388/18805",0.0721649484536082,2.55086814975583,5.26692708418502,6.26393138474128e-06,0.00107414823375378,0.000917488897172436,"7035/348/6690/5054/5336/3315/2778/71/2153/2013/3570/5265/5624/3673/595/7422/5340/2147/80856/3572/3827/710/90139/3998/2159/1314/4780/65125",28
"GO:0030900","forebrain development","29/532","413/18805",0.0702179176755448,2.48204500355004,5.19634465494967,7.26691973495647e-06,0.00118090308540362,0.00100867406885561,"3337/22809/6387/351/567/80055/54407/2258/6506/79809/6926/4192/8828/1000/664/3912/8087/3398/27185/6935/23028/51176/7026/23603/9215/6867/2260/7155/55236",29
"GO:0050817","coagulation","21/532","246/18805",0.0853658536585366,3.01749037227214,5.43472719504886,7.39658520015227e-06,0.00118090308540362,0.00100867406885561,"7035/348/5054/5336/3315/2778/71/2153/3570/5265/5624/3673/5340/2147/80856/3572/3827/710/3998/2159/4780",21
"GO:0010833","telomere maintenance via telomere lengthening","11/532","75/18805",0.146666666666667,5.184335839599,6.19532776190057,7.98130440190324e-06,0.00123178131269373,0.00105213195220879,"3326/3320/10728/10575/3192/472/7203/6950/3178/22948/10576",11
"GO:1901873","regulation of post-translational protein modification","21/532","248/18805",0.0846774193548387,2.99315577249576,5.39124674047541,8.38131508693388e-06,0.001251789962984,0.00106922243740613,"3303/6135/6201/3326/3320/8555/10625/7320/6125/3309/57162/868/6187/9349/10010/8473/6659/23028/8878/65125/27018",21
"GO:0042176","regulation of protein catabolic process","27/532","375/18805",0.072,2.54503759398496,5.1566544219543,9.54578159248596e-06,0.00138115527416281,0.00117972044220295,"3303/348/722/6135/351/10098/1915/3326/3320/10399/6653/975/344558/7078/130507/153222/1452/28951/868/10213/3156/2308/8473/51322/4780/7514/9686",27
"GO:0050821","protein stabilization","20/532","234/18805",0.0854700854700855,3.02117473170105,5.30847961713323,1.19385811413478e-05,0.00153646176375145,0.0013123762297179,"3303/3329/336/6135/6201/3326/3320/2597/7320/6125/10728/10575/9349/6659/7203/6950/8575/22948/10576/5479",20
"GO:1903405","protein localization to nuclear body","5/532","12/18805",0.416666666666667,14.7282268170426,8.11676593674766,1.19465709492553e-05,0.00153646176375145,0.0013123762297179,"10575/7203/6950/22948/10576",5
"GO:1904867","protein localization to Cajal body","5/532","12/18805",0.416666666666667,14.7282268170426,8.11676593674766,1.19465709492553e-05,0.00153646176375145,0.0013123762297179,"10575/7203/6950/22948/10576",5
"GO:1904872","regulation of telomerase RNA localization to Cajal body","5/532","12/18805",0.416666666666667,14.7282268170426,8.11676593674766,1.19465709492553e-05,0.00153646176375145,0.0013123762297179,"10575/7203/6950/22948/10576",5
"GO:0072659","protein localization to plasma membrane","23/532","295/18805",0.0779661016949153,2.75592583152797,5.18668623830287,1.22861419731638e-05,0.00153742803610131,0.00131320157590829,"54206/10098/2013/10399/2258/6653/975/23426/1000/6711/4301/5727/9581/9528/950/3688/682/2181/8878/9215/7871/55704/65125",23
"GO:0031397","negative regulation of protein ubiquitination","11/532","79/18805",0.139240506329114,4.92183782240411,5.96014296172059,1.32986987895949e-05,0.00162034145778486,0.00138402247513873,"3303/6135/6201/10625/6125/9349/8473/6659/8878/65125/27018",11
"GO:1903829","positive regulation of protein localization","32/532","499/18805",0.064128256513026,2.26678921753281,4.8936613515246,1.57716334697326e-05,0.00185696612840615,0.00158613657938432,"348/7200/351/3326/5573/3320/8660/10399/6653/975/5587/7422/4739/80184/11069/6711/10575/2147/3688/6659/7203/6950/5950/22948/682/2181/8878/10576/4628/2770/9696/55704",32
"GO:0031400","negative regulation of protein modification process","24/532","321/18805",0.0747663551401869,2.64282200829176,5.06548529425118,1.60429039171158e-05,0.00185696612840615,0.00158613657938432,"183/3303/348/80243/54206/6135/3315/6201/10399/54431/10625/7320/6125/28951/9349/8473/6659/7026/5144/23603/8878/103/65125/27018",24
"GO:1901874","negative regulation of post-translational protein modification","12/532","96/18805",0.125,4.41846804511278,5.72951504162617,1.67323657487129e-05,0.00188953301015954,0.00161395373858574,"3303/6135/6201/10625/7320/6125/9349/8473/6659/8878/65125/27018",12
"GO:1903320","regulation of protein modification by small protein conjugation or removal","20/532","243/18805",0.0823045267489712,2.90927937126768,5.11135733084583,2.07236996290974e-05,0.00228454117339812,0.0019513518673313,"3303/6135/6201/3326/3320/8555/10625/6125/3309/57162/868/6187/9349/10010/8473/6659/23028/8878/65125/27018",20
"GO:0043086","negative regulation of catalytic activity","23/532","306/18805",0.0751633986928105,2.65685660229004,4.98594541969359,2.207916276685e-05,0.00237736101419804,0.0020306343822535,"183/348/80243/54206/336/5054/6135/871/3315/6201/8660/341/2597/7078/6125/28951/3192/9349/710/7026/23603/103/65125",23
"GO:0097193","intrinsic apoptotic signaling pathway","24/532","330/18805",0.0727272727272727,2.57074504442925,4.91186537304325,2.52160088684448e-05,0.00265341184229317,0.00226642452915663,"3303/7178/6387/351/3315/6201/10399/54431/2023/10625/151126/1386/133746/3094/664/4170/472/23028/8575/4780/10961/55075/64065/25793",24
"GO:0016032","viral process","28/532","421/18805",0.0665083135391924,2.35091886485811,4.78328567150531,2.80091528706893e-05,0.00288183061758426,0.0024615295283083,"3303/348/1803/1915/3326/3725/23089/975/1488/6741/3673/10410/1452/9712/4179/3482/10241/950/3688/905/51176/682/4628/5093/7155/103/6772/5479",28
"GO:1990173","protein localization to nucleoplasm","5/532","14/18805",0.357142857142857,12.6241944146079,7.42382877724227,2.88106058976627e-05,0.0028998501153517,0.00247692096927961,"10575/7203/6950/22948/10576",5
"GO:0071402","cellular response to lipoprotein particle stimulus","8/532","45/18805",0.177777777777778,6.28404344193818,6.05525210897756,3.33620606326076e-05,0.00328651788785049,0.00280719511302814,"348/338/336/351/975/10628/3688/375056",8
"GO:0042060","wound healing","29/532","450/18805",0.0644444444444444,2.27796574770259,4.68192321325475,3.59716583493118e-05,0.0034697662116107,0.00296371755303431,"7035/348/23671/5054/5336/3315/2778/71/2153/4666/3570/1832/5265/5624/60681/3673/7422/667/5340/2147/80856/3572/3827/710/3688/3998/2159/375056/4780",29
"GO:0006417","regulation of translation","29/532","451/18805",0.0643015521064302,2.27291482586733,4.66872466413921,3.74457935084597e-05,0.00353824538661568,0.00302220937081167,"351/3315/1719/1938/10209/80315/10399/2597/6169/22849/23521/6125/6741/3673/6208/127933/8087/3192/27327/22927/8507/6203/1611/8473/6659/23112/26135/79828/246175",29
"GO:0000096","sulfur amino acid metabolic process","7/532","34/18805",0.205882352941176,7.27747678018576,6.2511062251665,3.86168100495561e-05,0.00357591661058889,0.00305438642855121,"55256/635/4548/189/51380/1373/4143",7
"GO:1990778","protein localization to cell periphery","25/532","362/18805",0.069060773480663,2.44114256636065,4.72412584696826,4.05814506404035e-05,0.00368415914637388,0.00314684231281725,"54206/10098/2013/10399/2258/6653/975/23426/1000/6711/4301/5727/9581/9528/950/8473/3688/682/2181/8878/9215/2770/7871/55704/65125",25
"GO:2001028","positive regulation of endothelial cell chemotaxis","5/532","15/18805",0.333333333333333,11.7825814536341,7.1282183975998,4.22123101491161e-05,0.00375851915366168,0.00321035727186699,"3315/5587/7422/7114/2260",5
"GO:0032206","positive regulation of telomere maintenance","10/532","75/18805",0.133333333333333,4.71303258145363,5.49751614462322,4.80216336809e-05,0.00419509743287862,0.00358326271577242,"3320/10728/10575/472/7203/6950/3178/22948/10576/54891",10
"GO:1903321","negative regulation of protein modification by small protein conjugation or removal","11/532","92/18805",0.119565217391304,4.22636073880353,5.29311267949076,5.68334922598473e-05,0.00487294572524246,0.00416225010565782,"3303/6135/6201/10625/6125/9349/8473/6659/8878/65125/27018",11
"GO:0034374","low-density lipoprotein particle remodeling","5/532","16/18805",0.3125,11.046170112782,6.85937736900407,5.99748040828546e-05,0.00504878805279303,0.00431244667826382,"183/348/338/336/5320",5
"GO:0006364","rRNA processing","18/532","222/18805",0.0810810810810811,2.86603332655964,4.77214883247082,6.45591805488061e-05,0.0053376608203745,0.00455918874665159,"6135/6201/6165/6230/6202/6194/9045/6232/6125/6217/6208/6209/23517/6229/10412/6155/6223/84128",18
"GO:0034368","protein-lipid complex remodeling","7/532","37/18805",0.189189189189189,6.68741109530583,5.90857150704597,6.86720683613971e-05,0.00540685747527847,0.00461829340334687,"183/348/338/336/341/55937/5320",7
"GO:0034369","plasma lipoprotein particle remodeling","7/532","37/18805",0.189189189189189,6.68741109530583,5.90857150704597,6.86720683613971e-05,0.00540685747527847,0.00461829340334687,"183/348/338/336/341/55937/5320",7
"GO:2000278","regulation of DNA biosynthetic process","11/532","94/18805",0.117021276595745,4.13643816989282,5.20149479470466,6.93852539768131e-05,0.00540685747527847,0.00461829340334687,"3320/10728/7422/10575/3192/472/7203/6950/3178/22948/10576",11
"GO:0050921","positive regulation of chemotaxis","14/532","146/18805",0.0958904109589041,3.3895097332372,4.94557804462377,7.00672674982092e-05,0.00540685747527847,0.00461829340334687,"5054/6387/351/3315/3570/5587/4192/3673/7422/4739/7114/64065/2260/65125",14
"GO:0045861","negative regulation of proteolysis","15/532","165/18805",0.0909090909090909,3.21343130553657,4.8726035408076,7.21372703297827e-05,0.00547533707585072,0.00467678558462456,"5054/6135/871/6201/3326/2597/7078/6125/1472/2147/3827/9349/710/8473/51322",15
"GO:0030195","negative regulation of blood coagulation","8/532","50/18805",0.16,5.65563909774436,5.62447233455661,7.34054899395294e-05,0.00548173255516163,0.00468224831413942,"7035/348/5054/5624/5340/2147/3827/710",8
"GO:0051348","negative regulation of transferase activity","15/532","167/18805",0.0898203592814371,3.17494709828463,4.81707369100616,8.27462955819051e-05,0.00596499720203999,0.00509503114426833,"183/348/80243/54206/6135/3315/6201/8660/6125/28951/3192/9349/7026/23603/103",15
"GO:1900047","negative regulation of hemostasis","8/532","51/18805",0.156862745098039,5.54474421347486,5.5452813767574,8.49321167454613e-05,0.00596499720203999,0.00509503114426833,"7035/348/5054/5624/5340/2147/3827/710",8
"GO:0051223","regulation of protein transport","28/532","449/18805",0.0623608017817372,2.20431367952174,4.407068244523,8.63172088655373e-05,0.00596499720203999,0.00509503114426833,"348/7200/351/2778/5573/3320/8660/10399/9648/6653/975/5587/3312/127933/6566/80184/11069/2147/3156/2308/6659/5950/682/2181/2029/10961/4628/7514",28
"GO:0034101","erythrocyte homeostasis","14/532","149/18805",0.0939597315436242,3.32126457082303,4.85382954456,8.7392653682129e-05,0.00596499720203999,0.00509503114426833,"3303/567/6194/55904/7422/23230/6208/3398/5926/6229/3313/6223/103/6772",14
"GO:0034377","plasma lipoprotein particle assembly","6/532","27/18805",0.222222222222222,7.85505430242272,6.08196791078357,8.88952066826695e-05,0.00596499720203999,0.00509503114426833,"348/338/336/341/55937/2181",6
"GO:1901798","positive regulation of signal transduction by p53 class mediator","6/532","27/18805",0.222222222222222,7.85505430242272,6.08196791078357,8.88952066826695e-05,0.00596499720203999,0.00509503114426833,"6135/6201/6167/6209/472/9349",6
"GO:2000737","negative regulation of stem cell differentiation","6/532","27/18805",0.222222222222222,7.85505430242272,6.08196791078357,8.88952066826695e-05,0.00596499720203999,0.00509503114426833,"6926/7114/3192/10443/3313/4780",6
"GO:0034367","protein-containing complex remodeling","7/532","39/18805",0.179487179487179,6.3444669365722,5.70068248511271,9.7696245743017e-05,0.00646190882557384,0.00551947060536112,"183/348/338/336/341/55937/5320",7
"GO:0035107","appendage morphogenesis","14/532","152/18805",0.0921052631578947,3.25571329639889,4.76439059506964,0.000108329448168303,0.00696618534748946,0.0059502008299461,"54206/7704/6926/1889/50515/80856/5727/5087/4154/51176/25836/57167/9215/2260",14
"GO:0035108","limb morphogenesis","14/532","152/18805",0.0921052631578947,3.25571329639889,4.76439059506964,0.000108329448168303,0.00696618534748946,0.0059502008299461,"54206/7704/6926/1889/50515/80856/5727/5087/4154/51176/25836/57167/9215/2260",14
"GO:0031647","regulation of protein stability","25/532","386/18805",0.0647668393782383,2.28936168140559,4.3672836316834,0.000113594555482311,0.00698263101286136,0.0059642479743822,"3303/3329/336/6135/6201/3326/3320/975/6926/2597/3312/7320/6125/10728/10575/9349/6659/7203/6950/8575/22948/10576/25793/5479/10910",25
"GO:2000058","regulation of ubiquitin-dependent protein catabolic process","15/532","172/18805",0.0872093023255814,3.08265212449729,4.68182930246722,0.000115434515525378,0.00698263101286136,0.0059642479743822,"3303/6135/6201/3326/10399/344558/6125/1452/28951/9349/27185/8473/51322/4780/7514",15
"GO:0070203","regulation of establishment of protein localization to telomere","4/532","10/18805",0.4,14.1390977443609,7.09121068420501,0.000116125828939595,0.00698263101286136,0.0059642479743822,"10575/7203/6950/22948",4
"GO:1904667","negative regulation of ubiquitin protein ligase activity","4/532","10/18805",0.4,14.1390977443609,7.09121068420501,0.000116125828939595,0.00698263101286136,0.0059642479743822,"6135/6201/6125/9349",4
"GO:1904816","positive regulation of protein localization to chromosome, telomeric region","4/532","10/18805",0.4,14.1390977443609,7.09121068420501,0.000116125828939595,0.00698263101286136,0.0059642479743822,"10575/7203/6950/22948",4
"GO:0050819","negative regulation of coagulation","8/532","54/18805",0.148148148148148,5.23670286828182,5.31971884859706,0.000128845439313979,0.00755132131675601,0.00644999754167383,"7035/348/5054/5624/5340/2147/3827/710",8
"GO:0071827","plasma lipoprotein particle organization","8/532","54/18805",0.148148148148148,5.23670286828182,5.31971884859706,0.000128845439313979,0.00755132131675601,0.00644999754167383,"183/348/338/336/341/55937/2181/5320",8
"GO:0045732","positive regulation of protein catabolic process","17/532","214/18805",0.0794392523364486,2.80799838380999,4.5386799540078,0.000131324209645664,0.00758449955064024,0.0064783368902479,"3303/348/722/351/3320/10399/6653/975/344558/130507/153222/1452/28951/868/2308/4780/9686",17
"GO:0034504","protein localization to nucleus","22/532","322/18805",0.0683229813664596,2.4150632793163,4.3701221444046,0.000135600011547726,0.00758449955064024,0.0064783368902479,"6135/351/7704/163590/3320/5587/1386/10049/10628/5903/10575/868/3192/2147/9349/7203/6950/22948/8878/10576/7514/103",22
"GO:0030193","regulation of blood coagulation","9/532","69/18805",0.130434782608696,4.61057535142203,5.12670738144029,0.000135874093761531,0.00758449955064024,0.0064783368902479,"7035/348/5054/5624/5340/2147/3827/710/4780",9
"GO:0070841","inclusion body assembly","6/532","29/18805",0.206896551724138,7.31332641949702,5.80539420795288,0.000135964030821413,0.00758449955064024,0.0064783368902479,"3303/3337/348/3320/6653/10049",6
"GO:0090083","regulation of inclusion body assembly","5/532","19/18805",0.263157894736842,9.30203798971112,6.17760830492425,0.0001488128935042,0.00774161457218479,0.00661253744406008,"3303/3337/348/6653/10049",5
"GO:0090670","RNA localization to Cajal body","5/532","19/18805",0.263157894736842,9.30203798971112,6.17760830492425,0.0001488128935042,0.00774161457218479,0.00661253744406008,"10575/7203/6950/22948/10576",5
"GO:0090671","telomerase RNA localization to Cajal body","5/532","19/18805",0.263157894736842,9.30203798971112,6.17760830492425,0.0001488128935042,0.00774161457218479,0.00661253744406008,"10575/7203/6950/22948/10576",5
"GO:0090672","telomerase RNA localization","5/532","19/18805",0.263157894736842,9.30203798971112,6.17760830492425,0.0001488128935042,0.00774161457218479,0.00661253744406008,"10575/7203/6950/22948/10576",5
"GO:0090685","RNA localization to nucleus","5/532","19/18805",0.263157894736842,9.30203798971112,6.17760830492425,0.0001488128935042,0.00774161457218479,0.00661253744406008,"10575/7203/6950/22948/10576",5
"GO:1904666","regulation of ubiquitin protein ligase activity","5/532","19/18805",0.263157894736842,9.30203798971112,6.17760830492425,0.0001488128935042,0.00774161457218479,0.00661253744406008,"6135/6201/8555/6125/9349",5
"GO:0030218","erythrocyte differentiation","13/532","138/18805",0.0942028985507246,3.32985997602702,4.68714199602652,0.000150957525409726,0.00776592602941147,0.00663330319256539,"3303/567/6194/55904/7422/23230/6208/3398/5926/3313/6223/103/6772",13
"GO:0065005","protein-lipid complex assembly","6/532","30/18805",0.2,7.06954887218045,5.67679325158884,0.000165925245656976,0.00844213063067909,0.00721088661576932,"348/338/336/341/55937/2181",6
"GO:1900046","regulation of hemostasis","9/532","71/18805",0.126760563380282,4.48069998941015,5.01367892791974,0.00016985331883659,0.00851369219734013,0.00727201127325381,"7035/348/5054/5624/5340/2147/3827/710/4780",9
"GO:0030111","regulation of Wnt signaling pathway","23/532","350/18805",0.0657142857142857,2.32285177228786,4.26249802927418,0.00017100936811072,0.00851369219734013,0.00727201127325381,"3484/3485/348/351/10399/6206/79809/4192/7320/2262/1000/1452/27185/2308/6659/1896/51176/147111/5495/25805/5204/9686/65125",23
"GO:0034975","protein folding in endoplasmic reticulum","4/532","11/18805",0.363636363636364,12.8537252221463,6.70992394158535,0.000178406384793923,0.00869496380627223,0.00742684529275089,"7184/54431/3309/56605",4
"GO:0070202","regulation of establishment of protein localization to chromosome","4/532","11/18805",0.363636363636364,12.8537252221463,6.70992394158535,0.000178406384793923,0.00869496380627223,0.00742684529275089,"10575/7203/6950/22948",4
"GO:0071825","protein-lipid complex organization","8/532","57/18805",0.140350877192982,4.96108692784593,5.1103463956667,0.00018999410363365,0.00916325728983122,0.00782684043148708,"183/348/338/336/341/55937/2181/5320",8
"GO:0016125","sterol metabolic process","14/532","161/18805",0.0869565217391304,3.07371690094802,4.5088819862576,0.000199299946236862,0.00938320026862768,0.00801470578816283,"348/338/54206/336/3953/351/10826/4779/2330/341/51141/3156/51478/2770",14
"GO:1902652","secondary alcohol metabolic process","14/532","161/18805",0.0869565217391304,3.07371690094802,4.5088819862576,0.000199299946236862,0.00938320026862768,0.00801470578816283,"348/338/54206/336/3953/351/4779/2330/341/51141/3156/51478/2260/2770",14
"GO:1904951","positive regulation of establishment of protein localization","22/532","331/18805",0.0664652567975831,2.34939690616269,4.22619223398562,0.00020063430380003,0.00938320026862768,0.00801470578816283,"348/7200/351/5573/3320/8660/10399/6653/975/5587/80184/11069/10575/2147/6659/7203/6950/5950/22948/682/2181/4628",22
"GO:0016072","rRNA metabolic process","19/532","265/18805",0.0716981132075472,2.53436657681941,4.29213340598157,0.000207397043883616,0.00947509136159163,0.00809319500863925,"6135/6201/6165/6230/6202/6194/9045/6232/6125/6217/6208/6209/9330/23517/6229/10412/6155/6223/84128",19
"GO:0030326","embryonic limb morphogenesis","12/532","124/18805",0.0967741935483871,3.42074945428086,4.61462734522886,0.000208738513797483,0.00947509136159163,0.00809319500863925,"7704/6926/1889/50515/80856/5727/5087/4154/51176/25836/57167/2260",12
"GO:0035113","embryonic appendage morphogenesis","12/532","124/18805",0.0967741935483871,3.42074945428086,4.61462734522886,0.000208738513797483,0.00947509136159163,0.00809319500863925,"7704/6926/1889/50515/80856/5727/5087/4154/51176/25836/57167/2260",12
"GO:0000425","pexophagy","4/532","12/18805",0.333333333333333,11.7825814536341,6.37516345114686,0.000261636291716257,0.0116478464485218,0.00994906425078924,"472/55102/8878/9821",4
"GO:0045793","positive regulation of cell size","4/532","12/18805",0.333333333333333,11.7825814536341,6.37516345114686,0.000261636291716257,0.0116478464485218,0.00994906425078924,"3320/5587/23028/9821",4
"GO:0006403","RNA localization","16/532","206/18805",0.0776699029126214,2.74545587269144,4.29807210552328,0.000265233663321687,0.011695541535042,0.00998980323909352,"283131/23089/6741/8087/5903/10575/3192/472/7203/6950/3178/22948/10576/9804/7514/65125",16
"GO:0022618","protein-RNA complex assembly","17/532","228/18805",0.0745614035087719,2.63557743041815,4.23961824326054,0.000279632223412687,0.0122141244754787,0.010432753360094,"6135/23451/3326/3320/6169/6232/23521/6125/10728/6208/6209/57035/472/8575/6223/103/23020",17
"GO:0050818","regulation of coagulation","9/532","76/18805",0.118421052631579,4.18591709537,4.74853870126882,0.000286810786957775,0.0124105976038738,0.0106005718307955,"7035/348/5054/5624/5340/2147/3827/710/4780",9
"GO:0030449","regulation of complement activation","5/532","22/18805",0.227272727272727,8.03357826384142,5.6322405594461,0.000314170627846833,0.0134686111752855,0.0115042792282705,"722/2/3075/710/4179",5
"GO:0061008","hepaticobiliary system development","13/532","149/18805",0.087248322147651,3.08403138719281,4.35776828117455,0.000322805912111736,0.0136630675378194,0.0116703750686797,"54206/6926/4192/1386/3673/595/9480/5727/3482/25836/1373/3720/9821",13
"GO:2001242","regulation of intrinsic apoptotic signaling pathway","15/532","189/18805",0.0793650793650794,2.80537653657954,4.25629304225324,0.000324608516017308,0.0136630675378194,0.0116703750686797,"3303/7178/6387/351/3315/6201/10399/2023/10625/4170/23028/8575/4780/10961/25793",15
"GO:0006623","protein targeting to vacuole","7/532","47/18805",0.148936170212766,5.26455767077268,4.99465695693301,0.000328633768122348,0.0137078769946529,0.0117086492824624,"9648/6653/3312/23230/950/8878/9765",7
"GO:0032204","regulation of telomere maintenance","11/532","112/18805",0.0982142857142857,3.47165346401719,4.4764434185143,0.000334225876078883,0.0138166589843324,0.0118015659438756,"3320/10728/10575/3192/472/7203/6950/3178/22948/10576/54891",11
"GO:0048736","appendage development","15/532","190/18805",0.0789473684210526,2.79061139691334,4.23275016061614,0.000343479786279966,0.0138707936218658,0.011847805305752,"54206/7704/6926/1889/3655/50515/80856/5727/5087/4154/51176/25836/57167/9215/2260",15
"GO:0060173","limb development","15/532","190/18805",0.0789473684210526,2.79061139691334,4.23275016061614,0.000343479786279966,0.0138707936218658,0.011847805305752,"54206/7704/6926/1889/3655/50515/80856/5727/5087/4154/51176/25836/57167/9215/2260",15
"GO:0008203","cholesterol metabolic process","13/532","150/18805",0.0866666666666667,3.06347117794486,4.32934724001372,0.000344522951731009,0.0138707936218658,0.011847805305752,"348/338/54206/336/3953/351/4779/2330/341/51141/3156/51478/2770",13
"GO:0060828","regulation of canonical Wnt signaling pathway","19/532","277/18805",0.0685920577617329,2.42457452294997,4.07555536235968,0.000362698728975205,0.0144766820272,0.0123653278108879,"3484/3485/348/351/6206/79809/4192/7320/2262/1000/1452/2308/6659/1896/147111/5495/25805/5204/65125",19
"GO:0045916","negative regulation of complement activation","4/532","13/18805",0.307692307692308,10.8762290341238,6.07788302546863,0.00036949164565559,0.0144978501642829,0.0123834086773243,"722/2/710/4179",4
"GO:0090084","negative regulation of inclusion body assembly","4/532","13/18805",0.307692307692308,10.8762290341238,6.07788302546863,0.00036949164565559,0.0144978501642829,0.0123834086773243,"3303/3337/6653/10049",4
"GO:0072594","establishment of protein localization to organelle","27/532","467/18805",0.0578158458244111,2.04365973821062,3.89688326417461,0.000386366469817769,0.0150325777752628,0.0128401488465755,"3329/3320/3308/9648/6653/5587/3312/1386/10651/3309/10628/23230/5903/10575/868/9349/950/7203/6950/3998/25836/22948/8878/9765/9804/25793/103",27
"GO:0051222","positive regulation of protein transport","18/532","257/18805",0.0700389105058366,2.47571750387642,4.06440762025122,0.000400592177111193,0.0153631719647918,0.0131225274688468,"348/7200/351/5573/3320/8660/10399/6653/975/5587/80184/11069/2147/6659/5950/682/2181/4628",18
"GO:0042063","gliogenesis","22/532","348/18805",0.0632183908045977,2.23462751706853,3.96662393697201,0.000401499742492398,0.0153631719647918,0.0131225274688468,"1462/3953/351/7431/79809/4192/5324/1000/23230/664/3912/3398/2147/3572/57211/27185/10810/6659/51176/4720/9215/2119",22
"GO:1901607","alpha-amino acid biosynthetic process","8/532","64/18805",0.125,4.41846804511278,4.67413381464099,0.000428158249169547,0.0162489565053689,0.0138791246085417,"2744/55256/635/4548/10157/189/1373/256987",8
"GO:0071826","protein-RNA complex organization","17/532","237/18805",0.0717299578059072,2.53549221154151,4.05896435543087,0.000438172183057579,0.0164937984354194,0.0140882575245813,"6135/23451/3326/3320/6169/6232/23521/6125/10728/6208/6209/57035/472/8575/6223/103/23020",17
"GO:0042157","lipoprotein metabolic process","10/532","98/18805",0.102040816326531,3.60691268988799,4.41482467429841,0.000454733190364659,0.0168380369868863,0.0143822905444429,"348/338/336/351/341/55937/472/147111/5495/9821",10
"GO:1901606","alpha-amino acid catabolic process","10/532","98/18805",0.102040816326531,3.60691268988799,4.41482467429841,0.000454733190364659,0.0168380369868863,0.0143822905444429,"3176/2744/84706/10157/26275/36/189/51380/4143/383",10
"GO:0002244","hematopoietic progenitor cell differentiation","12/532","135/18805",0.0888888888888889,3.14202172096909,4.26181512163807,0.000458227356446583,0.0168380369868863,0.0143822905444429,"10468/1938/1386/7422/23215/7114/10443/6659/3313/4780/103/167153",12
"GO:0051438","regulation of ubiquitin-protein transferase activity","6/532","36/18805",0.166666666666667,5.89129072681704,5.01222052447358,0.000471435438673801,0.0171014285512213,0.0146072677201179,"6135/6201/8555/6125/6187/9349",6
"GO:0034976","response to endoplasmic reticulum stress","19/532","283/18805",0.0671378091872792,2.37317011610298,3.97145486808504,0.000472782473986248,0.0171014285512213,0.0146072677201179,"3303/351/7184/3725/10399/54431/3309/595/10130/153222/22926/80267/4082/153830/10277/4780/10961/9601/27125",19
"GO:1903050","regulation of proteolysis involved in protein catabolic process","17/532","239/18805",0.0711297071129707,2.51427470349514,4.01994818295566,0.000482415141876743,0.0172182912133608,0.0147070865269061,"3303/348/6135/6201/3326/10399/344558/6125/1452/28951/10213/9349/27185/8473/51322/4780/7514",17
"GO:2001026","regulation of endothelial cell chemotaxis","5/532","24/18805",0.208333333333333,7.3641134085213,5.32304558035715,0.000483938319426713,0.0172182912133608,0.0147070865269061,"3315/5587/7422/7114/2260",5
"GO:0098869","cellular oxidant detoxification","10/532","99/18805",0.101010101010101,3.57047922837397,4.37539474981656,0.000493289453950618,0.0172182912133608,0.0147070865269061,"348/1719/2878/2168/55937/213/1356/259/7296/4780",10
"GO:0001649","osteoblast differentiation","18/532","262/18805",0.0687022900763359,2.42847098662687,3.97290408888784,0.000503773319510488,0.0172182912133608,0.0147070865269061,"3485/1462/3727/3570/5587/51430/7422/6209/3192/51232/3572/5727/51176/6238/25805/103/4077/23020",18
"GO:0007008","outer mitochondrial membrane organization","4/532","14/18805",0.285714285714286,10.0993555316864,5.81133238494361,0.000505764061558762,0.0172182912133608,0.0147070865269061,"3320/3308/10651/9804",4
"GO:0045040","protein insertion into mitochondrial outer membrane","4/532","14/18805",0.285714285714286,10.0993555316864,5.81133238494361,0.000505764061558762,0.0172182912133608,0.0147070865269061,"3320/3308/10651/9804",4
"GO:0051444","negative regulation of ubiquitin-protein transferase activity","4/532","14/18805",0.285714285714286,10.0993555316864,5.81133238494361,0.000505764061558762,0.0172182912133608,0.0147070865269061,"6135/6201/6125/9349",4
"GO:1904814","regulation of protein localization to chromosome, telomeric region","4/532","14/18805",0.285714285714286,10.0993555316864,5.81133238494361,0.000505764061558762,0.0172182912133608,0.0147070865269061,"10575/7203/6950/22948",4
"GO:0060070","canonical Wnt signaling pathway","21/532","333/18805",0.0630630630630631,2.22913703176861,3.86137046582291,0.00055717286469289,0.0188300026534896,0.0160837376308197,"3484/3485/348/351/6206/79809/4192/7320/2262/1000/1452/27185/2308/6659/1896/51176/147111/5495/25805/5204/65125",21
"GO:0051336","regulation of hydrolase activity","21/532","334/18805",0.062874251497006,2.22246296879924,3.8462698604418,0.000579275548615422,0.0194351144209377,0.0166005967669576,"3303/336/5054/871/10399/8502/341/55854/2597/7078/3655/121512/9712/710/10010/3688/23603/2260/3925/23161/65125",21
"GO:0061951","establishment of protein localization to plasma membrane","8/532","67/18805",0.119402985074627,4.22062619234654,4.50600962366724,0.000585973003614815,0.0195183813434287,0.0166717196106086,"10399/6653/23426/6711/4301/9581/950/2181",8
"GO:0034620","cellular response to unfolded protein","10/532","102/18805",0.0980392156862745,3.46546513342179,4.26009539633008,0.000625559949653832,0.0206881611921232,0.0176708927131537,"3303/3329/10399/54431/3309/595/153222/22926/80267/4780",10
"GO:0031346","positive regulation of cell projection organization","22/532","360/18805",0.0611111111111111,2.16013993316625,3.79226176013917,0.000633449295372224,0.0206978549148036,0.0176791726531583,"348/6387/26053/3320/5587/4192/23426/3673/10787/7422/4739/3655/8507/27185/950/57498/23028/4780/23603/2260/9696/55704",22
"GO:0045727","positive regulation of translation","12/532","140/18805",0.0857142857142857,3.02980665950591,4.11320830514806,0.000636072240323899,0.0206978549148036,0.0176791726531583,"1938/22849/6125/6741/3673/127933/8087/3192/22927/8473/6659/79828",12
"GO:0061351","neural precursor cell proliferation","13/532","160/18805",0.08125,2.87200422932331,4.05752900798728,0.000639264201472335,0.0206978549148036,0.0176791726531583,"22809/2258/4192/1000/7422/3398/27185/2308/3688/23028/51176/4720/2260",13
"GO:0042159","lipoprotein catabolic process","4/532","15/18805",0.266666666666667,9.42606516290727,5.5703574298868,0.000674328334798634,0.0215320013111564,0.0183916628227838,"348/338/472/147111",4
"GO:1901533","negative regulation of hematopoietic progenitor cell differentiation","4/532","15/18805",0.266666666666667,9.42606516290727,5.5703574298868,0.000674328334798634,0.0215320013111564,0.0183916628227838,"7114/10443/3313/4780",4
"GO:0031099","regeneration","15/532","203/18805",0.0738916256157636,2.61190229267751,3.93987934551302,0.000688783049518459,0.0216943232603433,0.0185303108989678,"3484/336/6387/1719/4666/4548/975/4519/4192/595/5727/130827/3482/9315/9215",15
"GO:1901605","alpha-amino acid metabolic process","15/532","203/18805",0.0738916256157636,2.61190229267751,3.93987934551302,0.000688783049518459,0.0216943232603433,0.0185303108989678,"3176/2744/55256/635/84706/4548/10157/26275/36/189/51380/1373/256987/4143/383",15
"GO:0170038","proteinogenic amino acid biosynthetic process","7/532","53/18805",0.132075471698113,4.66857000993049,4.56338341167904,0.000696077492225266,0.0217759377635337,0.0186000223206993,"2744/55256/635/4548/10157/189/256987",7
"GO:0070199","establishment of protein localization to chromosome","5/532","26/18805",0.192307692307692,6.79764314632736,5.04751866608831,0.000714816681873725,0.0221046848015705,0.0188808231896101,"10575/7203/6950/25836/22948",5
"GO:0000723","telomere maintenance","13/532","162/18805",0.0802469135802469,2.83654738698598,4.00569387493319,0.000718505179016172,0.0221046848015705,0.0188808231896101,"3326/3320/10728/10575/3192/472/55183/7203/6950/3178/22948/10576/54891",13
"GO:0051054","positive regulation of DNA metabolic process","19/532","293/18805",0.0648464163822526,2.29217454900049,3.80368314828952,0.000720908726789879,0.0221046848015705,0.0188808231896101,"3320/441161/7320/10728/57162/7422/10575/9643/472/10902/55183/7203/6950/3178/22948/10576/2260/54891/7155",19
"GO:0002262","myeloid cell homeostasis","14/532","183/18805",0.0765027322404372,2.70419902214553,3.95283517714452,0.000731995278150913,0.0222437578541322,0.0189996131085539,"3303/567/6194/55904/7422/23230/6208/3398/5926/6229/3313/6223/103/6772",14
"GO:0055094","response to lipoprotein particle","6/532","39/18805",0.153846153846154,5.43811451706189,4.73392051903423,0.000735052905330933,0.0222437578541322,0.0189996131085539,"348/351/975/10628/3688/375056",6
"GO:0051338","regulation of transferase activity","26/532","463/18805",0.0561555075593952,1.98497052566622,3.66156203188614,0.000758002648872485,0.0227893004174,0.0194655909214896,"183/348/80243/54206/336/6135/3315/6201/8660/2013/8555/6125/595/4739/894/28951/3192/6187/9349/905/7026/23603/10961/2260/103/55704",26
"GO:0019058","viral life cycle","19/532","295/18805",0.0644067796610169,2.27663438256659,3.77094628059574,0.000782138935082214,0.0233235334275635,0.0199219086250667,"3303/348/1803/1915/3326/975/1488/3673/10410/9712/4179/950/3688/682/4628/5093/7155/103/5479",19
"GO:2001252","positive regulation of chromosome organization","10/532","105/18805",0.0952380952380952,3.36645184389545,4.14903910190163,0.000785846914622008,0.0233235334275635,0.0199219086250667,"3320/10728/10575/472/7203/6950/3178/22948/10576/54891",10
"GO:0072331","signal transduction by p53 class mediator","13/532","165/18805",0.0787878787878788,2.78497379813169,3.92940572732926,0.00085277303471232,0.0251486570109429,0.02148084674096,"6135/6201/6167/151126/6125/133746/3094/6209/472/9349/6659/23028/64065",13
"GO:0006555","methionine metabolic process","4/532","16/18805",0.25,8.83693609022556,5.35094483331802,0.000879112845037225,0.0252813197051078,0.0215941612213459,"55256/635/4548/4143",4
"GO:0030242","autophagy of peroxisome","4/532","16/18805",0.25,8.83693609022556,5.35094483331802,0.000879112845037225,0.0252813197051078,0.0215941612213459,"472/55102/8878/9821",4
"GO:0070200","establishment of protein localization to telomere","4/532","16/18805",0.25,8.83693609022556,5.35094483331802,0.000879112845037225,0.0252813197051078,0.0215941612213459,"10575/7203/6950/22948",4
"GO:1900034","regulation of cellular response to heat","4/532","16/18805",0.25,8.83693609022556,5.35094483331802,0.000879112845037225,0.0252813197051078,0.0215941612213459,"3337/26973/10049/472",4
"GO:0001889","liver development","12/532","146/18805",0.0821917808219178,2.90529405706046,3.94339488393076,0.000922581016237134,0.0263011826316331,0.0224652820613949,"54206/6926/4192/1386/3673/595/9480/5727/3482/1373/3720/9821",12
"GO:0009791","post-embryonic development","9/532","89/18805",0.101123595505618,3.57449100278787,4.15389843663129,0.000925937963057494,0.0263011826316331,0.0224652820613949,"338/22809/6414/10765/7422/472/50515/3482/9215",9
"GO:0044248","cellular catabolic process","20/532","323/18805",0.0619195046439628,2.1887148211085,3.6768885493163,0.000936916901757,0.0264507637508226,0.0225930474961556,"348/3176/2744/8660/2168/84706/10157/26275/36/4048/1889/10840/6566/189/51380/8802/4780/4143/9663/383",20
"GO:0170033","L-amino acid metabolic process","13/532","167/18805",0.0778443113772455,2.75162081851335,3.8794904796232,0.000953504255297225,0.0265947271206395,0.0227160145031812,"3176/2744/55256/635/84706/4548/10157/189/51380/1373/256987/4143/383",13
"GO:0170039","proteinogenic amino acid metabolic process","13/532","167/18805",0.0778443113772455,2.75162081851335,3.8794904796232,0.000953504255297225,0.0265947271206395,0.0227160145031812,"3176/2744/55256/635/84706/4548/10157/189/51380/1373/256987/4143/383",13
"GO:2000059","negative regulation of ubiquitin-dependent protein catabolic process","7/532","56/18805",0.125,4.41846804511278,4.37131893224954,0.000973728413523711,0.0269961829617652,0.0230589199471074,"6135/6201/3326/6125/9349/8473/51322",7
"GO:0008652","amino acid biosynthetic process","8/532","73/18805",0.10958904109589,3.87372540941395,4.19749931385301,0.00104193478722449,0.0287152265764844,0.0245272493458797,"2744/55256/635/4548/10157/189/1373/256987",8
"GO:0007584","response to nutrient","13/532","169/18805",0.0769230769230769,2.71905725853094,3.83030497147358,0.0010640138665398,0.0289787306004663,0.0247523225795048,"3485/2/2153/2168/4519/3673/1452/6566/8473/2029/4780/2180/6772",13
"GO:0044272","sulfur compound biosynthetic process","13/532","169/18805",0.0769230769230769,2.71905725853094,3.83030497147358,0.0010640138665398,0.0289787306004663,0.0247523225795048,"55256/635/4548/6506/50515/90161/10560/51380/2181/4780/79646/2180/4143",13
"GO:0021537","telencephalon development","18/532","280/18805",0.0642857142857143,2.27235499462943,3.66002638828958,0.00108741251591912,0.0294428067175762,0.0251487154343375,"22809/6387/54407/2258/6506/4192/1000/664/3912/8087/3398/27185/23028/51176/23603/9215/6867/55236",18
"GO:0009267","cellular response to starvation","14/532","191/18805",0.0732984293193717,2.59093414163681,3.77072656921163,0.00110998703713122,0.0298793022204508,0.0255215501744308,"80315/54407/151556/5587/3312/1386/213/3309/133746/27327/2308/1611/3178/4780",14
"GO:0002921","negative regulation of humoral immune response","4/532","17/18805",0.235294117647059,8.3171163202123,5.149916106152,0.00112407253529573,0.0300835597596486,0.0256960177371831,"722/2/710/4179",4
"GO:0031669","cellular response to nutrient levels","17/532","258/18805",0.0658914728682171,2.32911493850906,3.66785000043416,0.00113289070330778,0.0301453100937644,0.0257487620830449,"80315/54407/151556/5587/3312/1386/213/3309/133746/1452/5565/27327/2308/1611/8473/3178/4780",17
"GO:0006892","post-Golgi vesicle-mediated transport","10/532","111/18805",0.0900900900900901,3.18448147395516,3.93853533759308,0.00120819029686163,0.0317019532367705,0.0270783763352385,"4430/10399/6653/1176/23230/6711/9581/2181/8773/114815",10
"GO:0009063","amino acid catabolic process","10/532","111/18805",0.0900900900900901,3.18448147395516,3.93853533759308,0.00120819029686163,0.0317019532367705,0.0270783763352385,"3176/2744/84706/10157/26275/36/189/51380/4143/383",10
"GO:0001701","in utero embryonic development","23/532","403/18805",0.0570719602977667,2.01736506278102,3.5226771284726,0.00121193212157848,0.0317019532367705,0.0270783763352385,"338/6137/689/6926/1386/7320/60681/7763/130507/10049/7422/7274/9541/50515/5727/10443/3688/57498/4154/51176/7026/57167/2260",23
"GO:0007626","locomotory behavior","15/532","215/18805",0.0697674418604651,2.46612169959783,3.6891436555318,0.00123493641895795,0.0321222225830073,0.0274373514253401,"348/80243/7200/6387/89797/351/6414/1803/2257/4211/23230/894/3398/9215/55236",15
"GO:2001243","negative regulation of intrinsic apoptotic signaling pathway","10/532","112/18805",0.0892857142857143,3.15604860365199,3.90484739156289,0.00129387308321288,0.0334672199736068,0.0285861874368173,"3303/7178/6387/3315/10399/2023/10625/23028/4780/25793",10
"GO:0050920","regulation of chemotaxis","15/532","217/18805",0.0691244239631336,2.44339246734347,3.64900097850454,0.00135439855271022,0.0348381405502685,0.029757165862762,"5054/6387/351/3315/1803/3570/5587/4192/3673/7422/4739/7114/64065/2260/65125",15
"GO:0030856","regulation of epithelial cell differentiation","13/532","174/18805",0.0747126436781609,2.64092342926281,3.71040116345449,0.0013879222764755,0.0355032051938208,0.0303252340373274,"10468/54206/5054/4779/6926/694/5624/595/7422/5727/6935/51176/6772",13
"GO:0001503","ossification","25/532","458/18805",0.0545851528384279,1.92946202843353,3.43603730992808,0.00141009323208752,0.0355977305042654,0.0304059732873764,"3485/197/1462/7704/3727/3570/5587/4192/6169/51430/7422/6209/3192/51232/3572/5727/5087/51176/6238/25836/147111/25805/103/4077/23020",25
"GO:1902036","regulation of hematopoietic stem cell differentiation","4/532","18/18805",0.222222222222222,7.85505430242272,4.96471639175765,0.00141316430758976,0.0355977305042654,0.0304059732873764,"7114/10443/3313/4780",4
"GO:0010595","positive regulation of endothelial cell migration","11/532","133/18805",0.0827067669172932,2.92349765390921,3.79837704221928,0.0014146830265194,0.0355977305042654,0.0304059732873764,"183/3315/388/5587/8828/7422/7114/5340/682/4780/2260",11
"GO:0009266","response to temperature stimulus","13/532","175/18805",0.0742857142857143,2.62583243823845,3.68692574900699,0.00146165284990149,0.0360277002982475,0.0307732340617291,"3303/3337/3329/6387/9481/3315/3326/3320/26973/10049/472/27185/2308",13
"GO:0071897","DNA biosynthetic process","13/532","175/18805",0.0742857142857143,2.62583243823845,3.68692574900699,0.00146165284990149,0.0360277002982475,0.0307732340617291,"3326/3320/10728/7422/10575/3192/472/7203/6950/3178/22948/10576/51426",13
"GO:0042255","ribosome assembly","7/532","60/18805",0.116666666666667,4.12390350877193,4.13529526386702,0.00147170450722734,0.0360277002982475,0.0307732340617291,"6135/6169/6232/6125/6208/6209/6223",7
"GO:0009880","embryonic pattern specification","8/532","77/18805",0.103896103896104,3.67249292061322,4.00951863221066,0.00147845854355659,0.0360277002982475,0.0307732340617291,"7704/4211/80055/441161/6926/8828/5727/4212",8
"GO:0170035","L-amino acid catabolic process","8/532","77/18805",0.103896103896104,3.67249292061322,4.00951863221066,0.00147845854355659,0.0360277002982475,0.0307732340617291,"3176/2744/84706/10157/189/51380/4143/383",8
"GO:0170040","proteinogenic amino acid catabolic process","8/532","77/18805",0.103896103896104,3.67249292061322,4.00951863221066,0.00147845854355659,0.0360277002982475,0.0307732340617291,"3176/2744/84706/10157/189/51380/4143/383",8
"GO:0044403","biological process involved in symbiotic interaction","15/532","220/18805",0.0681818181818182,2.41007347915243,3.58961451288162,0.00155169441991574,0.0376143725874862,0.0321284978540834,"3303/3329/1803/3326/975/2597/3673/5340/2147/4179/950/3688/682/4628/383",15
"GO:2001234","negative regulation of apoptotic signaling pathway","16/532","243/18805",0.065843621399177,2.32742349701414,3.55366319078561,0.00157746697777061,0.0380399588910308,0.0324920144489264,"3303/5054/7178/6387/3315/10399/2023/10625/55023/3655/4170/23028/293/4780/25793/9821",16
"GO:0002690","positive regulation of leukocyte chemotaxis","9/532","96/18805",0.09375,3.31385103383459,3.87812439007314,0.00158763681929906,0.0380868314681587,0.0325320508868642,"5054/6387/351/3570/4192/7422/4739/64065/65125",9
"GO:0061045","negative regulation of wound healing","8/532","78/18805",0.102564102564103,3.62540967804126,3.96448052014517,0.00160750783203188,0.0383647487747815,0.0327694352954084,"7035/348/5054/5624/5340/2147/3827/710",8
"GO:0030575","nuclear body organization","4/532","19/18805",0.210526315789474,7.4416303917689,4.79326515426228,0.00175032468467925,0.0415589912311022,0.0354978129033195,"283131/10208/22927/26135",4
"GO:0010712","regulation of collagen metabolic process","6/532","46/18805",0.130434782608696,4.61057535142203,4.18337211710658,0.00178615217150891,0.0421932885412564,0.0360396010115949,"7431/3570/51430/3673/2147/3688",6
"GO:0008037","cell recognition","12/532","158/18805",0.0759493670886076,2.68463881222042,3.62833075879701,0.00182149360904754,0.0428097228928431,0.0365661313876121,"1462/722/351/975/4739/10575/7203/6950/22948/682/10576/10417",12
"GO:0043434","response to peptide hormone","26/532","494/18805",0.0526315789473684,1.86040759794222,3.30664590240825,0.00190200038293685,0.0440614930885174,0.0376353369406752,"3484/197/183/54206/6690/6387/2778/5573/8660/6653/1176/5587/51141/4519/2888/4048/55023/2308/8473/1373/682/4780/2260/2770/6772/9663",26
"GO:0006622","protein targeting to lysosome","5/532","32/18805",0.15625,5.52308505639098,4.36937092148401,0.00190330423708498,0.0440614930885174,0.0376353369406752,"9648/6653/3312/950/9765",5
"GO:0035767","endothelial cell chemotaxis","5/532","32/18805",0.15625,5.52308505639098,4.36937092148401,0.00190330423708498,0.0440614930885174,0.0376353369406752,"3315/5587/7422/7114/2260",5
"GO:0035967","cellular response to topologically incorrect protein","10/532","118/18805",0.0847457627118644,2.99557155600867,3.71034698727152,0.00191787845432133,0.044177996236357,0.0377348486665893,"3303/3329/10399/54431/3309/595/153222/22926/80267/4780",10
"GO:0046879","hormone secretion","19/532","320/18805",0.059375,2.09877232142857,3.38258705734644,0.0020129738986032,0.0461389561907565,0.039409812074269,"183/7200/6690/2778/5573/8660/5799/5587/10765/6926/6566/11069/2147/2308/6659/5950/2029/2260/8773",19
"GO:1903037","regulation of leukocyte cell-cell adhesion","22/532","395/18805",0.0556962025316456,1.96873512896164,3.32011183348548,0.00208047148807772,0.0474511477330042,0.0405306268120716,"3485/10808/3329/6387/3105/1803/7704/5573/567/975/1326/4192/57162/868/3572/4179/6659/51176/375056/65125/5320/383",22
"GO:0061041","regulation of wound healing","11/532","140/18805",0.0785714285714286,2.77732277121375,3.60157394757226,0.00213170722700413,0.0483202518351883,0.0412729762748216,"7035/348/5054/71/5624/5340/2147/3827/710/3688/4780",11
"GO:1900221","regulation of amyloid-beta clearance","4/532","20/18805",0.2,7.06954887218045,4.63384839732343,0.00213944959529452,0.0483202518351883,0.0412729762748216,"348/351/7274/3156",4
"GO:0007006","mitochondrial membrane organization","10/532","120/18805",0.0833333333333333,2.94564536340852,3.64824306567055,0.00217296977084301,0.0487874449790595,0.0416720315531037,"3303/3320/3308/1386/10651/664/3313/79135/293/9804",10
"GO:0045785","positive regulation of cell adhesion","26/532","499/18805",0.0521042084168337,1.84176623924541,3.25177926603782,0.00218351671485847,0.0487874449790595,0.0416720315531037,"3485/10808/3329/6387/3105/1803/7704/567/2013/3570/975/1326/4192/3673/3915/7422/3912/4739/3655/4301/472/3572/27185/4179/6659/51176",26
"GO:0014850","response to muscle activity","5/532","33/18805",0.151515151515152,5.35571884256095,4.27304578426822,0.00219174698826013,0.0487874449790595,0.0416720315531037,"183/54407/3673/3688/9804",5
"GO:0062197","cellular response to chemical stress","19/532","323/18805",0.0588235294117647,2.07927908005307,3.3383859782813,0.00223556307879982,0.0495246749035559,0.0423017400506217,"3303/1719/388/4779/2168/10399/5587/1386/23230/664/472/2308/259/476/8575/4780/2119/7155/65125",19
"GO:1903035","negative regulation of response to wounding","9/532","101/18805",0.0891089108910891,3.14979900245664,3.69630080867121,0.00225943686341983,0.0498152032268276,0.0425498962198912,"7035/348/5054/4192/5624/5340/2147/3827/710",9
